Bufo_gargarizans	Bufo gargarizans	mitochondrion	animal_mt	paired
Geotrypetes_seraphini	Geotrypetes seraphini	mitochondrion	animal_mt	unpaired
Debaryomyces_hansenii_CBS767	Debaryomyces hansenii	mitochondrion	fungus_mt	paired
Fusarium_verticillioides_7600	Fusarium verticillioides	mitochondrion	fungus_mt	unpaired
Saccharomyces_cerevisiae_PE-2	Saccharomyces cerevisiae	mitochondrion	fungus_mt	paired
Malassezia_restricta_CBS_7877	Malassezia restricta	mitochondrion	fungus_mt	unpaired
Anas_platyrhynchos	Anas platyrhynchos	mitochondrion	animal_mt	unpaired
Meleagris_gallopavo	Meleagris gallopavo	mitochondrion	animal_mt	paired
Parus_major	Parus major	mitochondrion	animal_mt	unpaired
Danio_rerio	Danio rerio	mitochondrion	animal_mt	paired
Gadus_morhua	Gadus morhua	mitochondrion	animal_mt	unpaired
Poecilia_reticulata	Poecilia reticulata	mitochondrion	animal_mt	paired
Schistosoma_mansoni	Schistosoma mansoni	mitochondrion	animal_mt	unpaired
Ostreococcus_tauri	Ostreococcus tauri	chloroplast	embplant_pt	paired
Bombyx_mori	Bombyx mori	mitochondrion	animal_mt	unpaired
Drosophila_melanogaster	Drosophila melanogaster	mitochondrion	animal_mt	paired
Tribolium_castaneum	Tribolium castaneum	mitochondrion	animal_mt	unpaired
Arabidopsis_thaliana	Arabidopsis thaliana	chloroplast	embplant_pt	paired
Glycine_max	Glycine max	chloroplast	embplant_pt	unpaired
Oryza_brachyantha	Oryza brachyantha	chloroplast	embplant_pt	paired
Solanum_lycopersicum	Solanum lycopersicum	chloroplast	embplant_pt	unpaired
Sorghum_bicolor	Sorghum bicolor	chloroplast	embplant_pt	paired
Zea_mays	Zea mays	chloroplast	embplant_pt	unpaired
Equus_caballus	Equus caballus	mitochondrion	animal_mt	paired
Meles_meles	Meles meles	mitochondrion	animal_mt	unpaired
Mus_musculus	Mus musculus	mitochondrion	animal_mt	paired
